{
  "openfe_subset": "water",
  "openfe_system": "hsp90_kung",
  "entry": "water__hsp90_kung",
  "boltz2_4target": false,
  "n_ligands": 11,
  "n_with_exp_dG": 11,
  "ligands": {
    "cmpd_10": {
      "sdf": "ligands/cmpd_10.sdf",
      "exp_dG_kcal_mol": -9.1899995803833,
      "fepplus_pred_dG_kcal_mol": -10.300000190734863,
      "fepplus_pred_err_kcal_mol": 0.15000000596046448
    },
    "cmpd_11": {
      "sdf": "ligands/cmpd_11.sdf",
      "exp_dG_kcal_mol": -9.1899995803833,
      "fepplus_pred_dG_kcal_mol": -9.670000076293945,
      "fepplus_pred_err_kcal_mol": 0.15000000596046448
    },
    "cmpd_12": {
      "sdf": "ligands/cmpd_12.sdf",
      "exp_dG_kcal_mol": -9.1899995803833,
      "fepplus_pred_dG_kcal_mol": -10.529999732971191,
      "fepplus_pred_err_kcal_mol": 0.14000000059604645
    },
    "cmpd_13": {
      "sdf": "ligands/cmpd_13.sdf",
      "exp_dG_kcal_mol": -10.149999618530273,
      "fepplus_pred_dG_kcal_mol": -11.4399995803833,
      "fepplus_pred_err_kcal_mol": 0.15000000596046448
    },
    "cmpd_14": {
      "sdf": "ligands/cmpd_14.sdf",
      "exp_dG_kcal_mol": -7.820000171661377,
      "fepplus_pred_dG_kcal_mol": -7.349999904632568,
      "fepplus_pred_err_kcal_mol": 0.15000000596046448
    },
    "cmpd_15": {
      "sdf": "ligands/cmpd_15.sdf",
      "exp_dG_kcal_mol": -9.609999656677246,
      "fepplus_pred_dG_kcal_mol": -9.430000305175781,
      "fepplus_pred_err_kcal_mol": 0.14000000059604645
    },
    "cmpd_16": {
      "sdf": "ligands/cmpd_16.sdf",
      "exp_dG_kcal_mol": -10.329999923706055,
      "fepplus_pred_dG_kcal_mol": -10.100000381469727,
      "fepplus_pred_err_kcal_mol": 0.14000000059604645
    },
    "cmpd_17": {
      "sdf": "ligands/cmpd_17.sdf",
      "exp_dG_kcal_mol": -10.739999771118164,
      "fepplus_pred_dG_kcal_mol": -11.1899995803833,
      "fepplus_pred_err_kcal_mol": 0.14000000059604645
    },
    "cmpd_7": {
      "sdf": "ligands/cmpd_7.sdf",
      "exp_dG_kcal_mol": -9.40999984741211,
      "fepplus_pred_dG_kcal_mol": -7.070000171661377,
      "fepplus_pred_err_kcal_mol": 0.15000000596046448
    },
    "cmpd_8": {
      "sdf": "ligands/cmpd_8.sdf",
      "exp_dG_kcal_mol": -6.860000133514404,
      "fepplus_pred_dG_kcal_mol": -5.039999961853027,
      "fepplus_pred_err_kcal_mol": 0.15000000596046448
    },
    "cmpd_9": {
      "sdf": "ligands/cmpd_9.sdf",
      "exp_dG_kcal_mol": -7.920000076293945,
      "fepplus_pred_dG_kcal_mol": -8.3100004196167,
      "fepplus_pred_err_kcal_mol": 0.14000000059604645
    }
  }
}