{
  "openfe_subset": "fragments",
  "openfe_system": "p38",
  "entry": "fragments__p38",
  "boltz2_4target": false,
  "n_ligands": 6,
  "n_with_exp_dG": 6,
  "ligands": {
    "1_1W7H": {
      "sdf": "ligands/1_1W7H.sdf",
      "exp_dG_kcal_mol": -3.940000057220459,
      "fepplus_pred_dG_kcal_mol": -3.799999952316284,
      "fepplus_pred_err_kcal_mol": 0.20999999344348907
    },
    "3": {
      "sdf": "ligands/3.sdf",
      "exp_dG_kcal_mol": -4.090000152587891,
      "fepplus_pred_dG_kcal_mol": -3.4800000190734863,
      "fepplus_pred_err_kcal_mol": 0.23000000417232513
    },
    "4": {
      "sdf": "ligands/4.sdf",
      "exp_dG_kcal_mol": -5.400000095367432,
      "fepplus_pred_dG_kcal_mol": -5.78000020980835,
      "fepplus_pred_err_kcal_mol": 0.20999999344348907
    },
    "5_1WBW": {
      "sdf": "ligands/5_1WBW.sdf",
      "exp_dG_kcal_mol": -5.940000057220459,
      "fepplus_pred_dG_kcal_mol": -5.989999771118164,
      "fepplus_pred_err_kcal_mol": 0.23000000417232513
    },
    "6": {
      "sdf": "ligands/6.sdf",
      "exp_dG_kcal_mol": -5.039999961853027,
      "fepplus_pred_dG_kcal_mol": -5.510000228881836,
      "fepplus_pred_err_kcal_mol": 0.23000000417232513
    },
    "7": {
      "sdf": "ligands/7.sdf",
      "exp_dG_kcal_mol": -6.300000190734863,
      "fepplus_pred_dG_kcal_mol": -6.150000095367432,
      "fepplus_pred_err_kcal_mol": 0.20999999344348907
    }
  }
}