{
  "openfe_subset": "janssen",
  "openfe_system": "bace_ciordia_prospective",
  "entry": "janssen__bace_ciordia_prospective",
  "boltz2_4target": false,
  "n_ligands": 9,
  "n_with_exp_dG": 9,
  "ligands": {
    "spiro1": {
      "sdf": "ligands/spiro1.sdf",
      "exp_dG_kcal_mol": -7.519999980926514,
      "fepplus_pred_dG_kcal_mol": -7.420000076293945,
      "fepplus_pred_err_kcal_mol": 0.1599999964237213
    },
    "spiro10": {
      "sdf": "ligands/spiro10.sdf",
      "exp_dG_kcal_mol": -8.5,
      "fepplus_pred_dG_kcal_mol": -10.609999656677246,
      "fepplus_pred_err_kcal_mol": 0.1599999964237213
    },
    "spiro15": {
      "sdf": "ligands/spiro15.sdf",
      "exp_dG_kcal_mol": -9.050000190734863,
      "fepplus_pred_dG_kcal_mol": -8.359999656677246,
      "fepplus_pred_err_kcal_mol": 0.1599999964237213
    },
    "spiro16": {
      "sdf": "ligands/spiro16.sdf",
      "exp_dG_kcal_mol": -8.180000305175781,
      "fepplus_pred_dG_kcal_mol": -8.279999732971191,
      "fepplus_pred_err_kcal_mol": 0.17000000178813934
    },
    "spiro2": {
      "sdf": "ligands/spiro2.sdf",
      "exp_dG_kcal_mol": -7.03000020980835,
      "fepplus_pred_dG_kcal_mol": -6.670000076293945,
      "fepplus_pred_err_kcal_mol": 0.1599999964237213
    },
    "spiro3": {
      "sdf": "ligands/spiro3.sdf",
      "exp_dG_kcal_mol": -8.979999542236328,
      "fepplus_pred_dG_kcal_mol": -8.970000267028809,
      "fepplus_pred_err_kcal_mol": 0.1599999964237213
    },
    "spiro4": {
      "sdf": "ligands/spiro4.sdf",
      "exp_dG_kcal_mol": -7.619999885559082,
      "fepplus_pred_dG_kcal_mol": -7.210000038146973,
      "fepplus_pred_err_kcal_mol": 0.17000000178813934
    },
    "spiro5": {
      "sdf": "ligands/spiro5.sdf",
      "exp_dG_kcal_mol": -7.760000228881836,
      "fepplus_pred_dG_kcal_mol": -7.090000152587891,
      "fepplus_pred_err_kcal_mol": 0.1599999964237213
    },
    "spiro6": {
      "sdf": "ligands/spiro6.sdf",
      "exp_dG_kcal_mol": -9.529999732971191,
      "fepplus_pred_dG_kcal_mol": -9.5600004196167,
      "fepplus_pred_err_kcal_mol": 0.15000000596046448
    }
  }
}