{
  "openfe_subset": "charge_annihilation",
  "openfe_system": "dlk",
  "entry": "charge_annihilation__dlk",
  "boltz2_4target": false,
  "n_ligands": 7,
  "n_with_exp_dG": 7,
  "ligands": {
    "17charg": {
      "sdf": "ligands/17charg.sdf",
      "exp_dG_kcal_mol": -10.4399995803833,
      "fepplus_pred_dG_kcal_mol": -10.6899995803833,
      "fepplus_pred_err_kcal_mol": 0.1899999976158142
    },
    "17neu": {
      "sdf": "ligands/17neu.sdf",
      "exp_dG_kcal_mol": -10.4399995803833,
      "fepplus_pred_dG_kcal_mol": -10.699999809265137,
      "fepplus_pred_err_kcal_mol": 0.1899999976158142
    },
    "18": {
      "sdf": "ligands/18.sdf",
      "exp_dG_kcal_mol": -9.979999542236328,
      "fepplus_pred_dG_kcal_mol": -10.039999961853027,
      "fepplus_pred_err_kcal_mol": 0.18000000715255737
    },
    "4charg": {
      "sdf": "ligands/4charg.sdf",
      "exp_dG_kcal_mol": -9.329999923706055,
      "fepplus_pred_dG_kcal_mol": -8.9399995803833,
      "fepplus_pred_err_kcal_mol": 0.1899999976158142
    },
    "4neu": {
      "sdf": "ligands/4neu.sdf",
      "exp_dG_kcal_mol": -9.329999923706055,
      "fepplus_pred_dG_kcal_mol": -8.9399995803833,
      "fepplus_pred_err_kcal_mol": 0.20000000298023224
    },
    "8": {
      "sdf": "ligands/8.sdf",
      "exp_dG_kcal_mol": -10.510000228881836,
      "fepplus_pred_dG_kcal_mol": -10.90999984741211,
      "fepplus_pred_err_kcal_mol": 0.1899999976158142
    },
    "9": {
      "sdf": "ligands/9.sdf",
      "exp_dG_kcal_mol": -8.729999542236328,
      "fepplus_pred_dG_kcal_mol": -8.539999961853027,
      "fepplus_pred_err_kcal_mol": 0.18000000715255737
    }
  }
}