{
  "openfe_subset": "charge_annihilation",
  "openfe_system": "ptp1b",
  "entry": "charge_annihilation__ptp1b",
  "boltz2_4target": false,
  "n_ligands": 4,
  "n_with_exp_dG": 4,
  "ligands": {
    "26charg": {
      "sdf": "ligands/26charg.sdf",
      "exp_dG_kcal_mol": -7.440000057220459,
      "fepplus_pred_dG_kcal_mol": -8.079999923706055,
      "fepplus_pred_err_kcal_mol": 0.25999999046325684
    },
    "26neu": {
      "sdf": "ligands/26neu.sdf",
      "exp_dG_kcal_mol": -7.440000057220459,
      "fepplus_pred_dG_kcal_mol": -8.069999694824219,
      "fepplus_pred_err_kcal_mol": 0.25999999046325684
    },
    "27": {
      "sdf": "ligands/27.sdf",
      "exp_dG_kcal_mol": -9.229999542236328,
      "fepplus_pred_dG_kcal_mol": -9.5600004196167,
      "fepplus_pred_err_kcal_mol": 0.25999999046325684
    },
    "32": {
      "sdf": "ligands/32.sdf",
      "exp_dG_kcal_mol": -11.529999732971191,
      "fepplus_pred_dG_kcal_mol": -9.930000305175781,
      "fepplus_pred_err_kcal_mol": 0.25999999046325684
    }
  }
}