{
  "openfe_subset": "merck",
  "openfe_system": "eg5",
  "entry": "merck__eg5",
  "boltz2_4target": false,
  "n_ligands": 34,
  "n_with_exp_dG": 34,
  "ligands": {
    "CHEMBL1077204": {
      "sdf": "ligands/CHEMBL1077204.sdf",
      "exp_dG_kcal_mol": -11.111719131469727,
      "fepplus_pred_dG_kcal_mol": -11.930000305175781,
      "fepplus_pred_err_kcal_mol": 0.10000000149011612
    },
    "CHEMBL1077227": {
      "sdf": "ligands/CHEMBL1077227.sdf",
      "exp_dG_kcal_mol": -11.391841888427734,
      "fepplus_pred_dG_kcal_mol": -10.680000305175781,
      "fepplus_pred_err_kcal_mol": 0.09000000357627869
    },
    "CHEMBL1078691": {
      "sdf": "ligands/CHEMBL1078691.sdf",
      "exp_dG_kcal_mol": -10.24935531616211,
      "fepplus_pred_dG_kcal_mol": -10.970000267028809,
      "fepplus_pred_err_kcal_mol": 0.10000000149011612
    },
    "CHEMBL1078774": {
      "sdf": "ligands/CHEMBL1078774.sdf",
      "exp_dG_kcal_mol": -10.662470817565918,
      "fepplus_pred_dG_kcal_mol": -10.0,
      "fepplus_pred_err_kcal_mol": 0.09000000357627869
    },
    "CHEMBL1078998": {
      "sdf": "ligands/CHEMBL1078998.sdf",
      "exp_dG_kcal_mol": -10.432616233825684,
      "fepplus_pred_dG_kcal_mol": -10.25,
      "fepplus_pred_err_kcal_mol": 0.10000000149011612
    },
    "CHEMBL1082248": {
      "sdf": "ligands/CHEMBL1082248.sdf",
      "exp_dG_kcal_mol": -11.696293830871582,
      "fepplus_pred_dG_kcal_mol": -11.020000457763672,
      "fepplus_pred_err_kcal_mol": 0.09000000357627869
    },
    "CHEMBL1082249": {
      "sdf": "ligands/CHEMBL1082249.sdf",
      "exp_dG_kcal_mol": -11.283177375793457,
      "fepplus_pred_dG_kcal_mol": -11.3100004196167,
      "fepplus_pred_err_kcal_mol": 0.09000000357627869
    },
    "CHEMBL1083517": {
      "sdf": "ligands/CHEMBL1083517.sdf",
      "exp_dG_kcal_mol": -11.524834632873535,
      "fepplus_pred_dG_kcal_mol": -11.770000457763672,
      "fepplus_pred_err_kcal_mol": 0.10000000149011612
    },
    "CHEMBL1083836": {
      "sdf": "ligands/CHEMBL1083836.sdf",
      "exp_dG_kcal_mol": -10.921920776367188,
      "fepplus_pred_dG_kcal_mol": -10.140000343322754,
      "fepplus_pred_err_kcal_mol": 0.09000000357627869
    },
    "CHEMBL1084115": {
      "sdf": "ligands/CHEMBL1084115.sdf",
      "exp_dG_kcal_mol": -9.497721672058105,
      "fepplus_pred_dG_kcal_mol": -10.210000038146973,
      "fepplus_pred_err_kcal_mol": 0.10000000149011612
    },
    "CHEMBL1084143": {
      "sdf": "ligands/CHEMBL1084143.sdf",
      "exp_dG_kcal_mol": -11.93795108795166,
      "fepplus_pred_dG_kcal_mol": -11.869999885559082,
      "fepplus_pred_err_kcal_mol": 0.10000000149011612
    },
    "CHEMBL1084143_1": {
      "sdf": "ligands/CHEMBL1084143_1.sdf",
      "exp_dG_kcal_mol": -11.93795108795166,
      "fepplus_pred_dG_kcal_mol": -11.869999885559082,
      "fepplus_pred_err_kcal_mol": 0.10000000149011612
    },
    "CHEMBL1084431": {
      "sdf": "ligands/CHEMBL1084431.sdf",
      "exp_dG_kcal_mol": -9.863131523132324,
      "fepplus_pred_dG_kcal_mol": -10.180000305175781,
      "fepplus_pred_err_kcal_mol": 0.10000000149011612
    },
    "CHEMBL1084676": {
      "sdf": "ligands/CHEMBL1084676.sdf",
      "exp_dG_kcal_mol": -10.778188705444336,
      "fepplus_pred_dG_kcal_mol": -10.869999885559082,
      "fepplus_pred_err_kcal_mol": 0.09000000357627869
    },
    "CHEMBL1084676_1": {
      "sdf": "ligands/CHEMBL1084676_1.sdf",
      "exp_dG_kcal_mol": -10.778188705444336,
      "fepplus_pred_dG_kcal_mol": -10.869999885559082,
      "fepplus_pred_err_kcal_mol": 0.09000000357627869
    },
    "CHEMBL1084677": {
      "sdf": "ligands/CHEMBL1084677.sdf",
      "exp_dG_kcal_mol": -11.524834632873535,
      "fepplus_pred_dG_kcal_mol": -11.970000267028809,
      "fepplus_pred_err_kcal_mol": 0.09000000357627869
    },
    "CHEMBL1084677_1": {
      "sdf": "ligands/CHEMBL1084677_1.sdf",
      "exp_dG_kcal_mol": -11.524834632873535,
      "fepplus_pred_dG_kcal_mol": -11.970000267028809,
      "fepplus_pred_err_kcal_mol": 0.09000000357627869
    },
    "CHEMBL1084678": {
      "sdf": "ligands/CHEMBL1084678.sdf",
      "exp_dG_kcal_mol": -11.191304206848145,
      "fepplus_pred_dG_kcal_mol": -13.619999885559082,
      "fepplus_pred_err_kcal_mol": 0.09000000357627869
    },
    "CHEMBL1084935": {
      "sdf": "ligands/CHEMBL1084935.sdf",
      "exp_dG_kcal_mol": -10.59618091583252,
      "fepplus_pred_dG_kcal_mol": -8.4399995803833,
      "fepplus_pred_err_kcal_mol": 0.09000000357627869
    },
    "CHEMBL1084935_1": {
      "sdf": "ligands/CHEMBL1084935_1.sdf",
      "exp_dG_kcal_mol": -10.59618091583252,
      "fepplus_pred_dG_kcal_mol": -8.449999809265137,
      "fepplus_pred_err_kcal_mol": 0.10000000149011612
    },
    "CHEMBL1085666": {
      "sdf": "ligands/CHEMBL1085666.sdf",
      "exp_dG_kcal_mol": -10.5656099319458,
      "fepplus_pred_dG_kcal_mol": -10.75,
      "fepplus_pred_err_kcal_mol": 0.09000000357627869
    },
    "CHEMBL1085692": {
      "sdf": "ligands/CHEMBL1085692.sdf",
      "exp_dG_kcal_mol": -11.391841888427734,
      "fepplus_pred_dG_kcal_mol": -12.34000015258789,
      "fepplus_pred_err_kcal_mol": 0.09000000357627869
    },
    "CHEMBL1085895": {
      "sdf": "ligands/CHEMBL1085895.sdf",
      "exp_dG_kcal_mol": -10.921920776367188,
      "fepplus_pred_dG_kcal_mol": -11.289999961853027,
      "fepplus_pred_err_kcal_mol": 0.10000000149011612
    },
    "CHEMBL1086409": {
      "sdf": "ligands/CHEMBL1086409.sdf",
      "exp_dG_kcal_mol": -9.931042671203613,
      "fepplus_pred_dG_kcal_mol": -10.279999732971191,
      "fepplus_pred_err_kcal_mol": 0.09000000357627869
    },
    "CHEMBL1086410": {
      "sdf": "ligands/CHEMBL1086410.sdf",
      "exp_dG_kcal_mol": -11.524834632873535,
      "fepplus_pred_dG_kcal_mol": -10.109999656677246,
      "fepplus_pred_err_kcal_mol": 0.09000000357627869
    },
    "CHEMBL1088740": {
      "sdf": "ligands/CHEMBL1088740.sdf",
      "exp_dG_kcal_mol": -8.75107479095459,
      "fepplus_pred_dG_kcal_mol": -9.4399995803833,
      "fepplus_pred_err_kcal_mol": 0.10000000149011612
    },
    "CHEMBL1089056": {
      "sdf": "ligands/CHEMBL1089056.sdf",
      "exp_dG_kcal_mol": -9.497721672058105,
      "fepplus_pred_dG_kcal_mol": -10.0,
      "fepplus_pred_err_kcal_mol": 0.09000000357627869
    },
    "CHEMBL1089393": {
      "sdf": "ligands/CHEMBL1089393.sdf",
      "exp_dG_kcal_mol": -8.429832458496094,
      "fepplus_pred_dG_kcal_mol": -9.600000381469727,
      "fepplus_pred_err_kcal_mol": 0.10000000149011612
    },
    "CHEMBL1093087": {
      "sdf": "ligands/CHEMBL1093087.sdf",
      "exp_dG_kcal_mol": -10.59618091583252,
      "fepplus_pred_dG_kcal_mol": -11.140000343322754,
      "fepplus_pred_err_kcal_mol": 0.09000000357627869
    },
    "CHEMBL1093088": {
      "sdf": "ligands/CHEMBL1093088.sdf",
      "exp_dG_kcal_mol": -11.283177375793457,
      "fepplus_pred_dG_kcal_mol": -10.479999542236328,
      "fepplus_pred_err_kcal_mol": 0.09000000357627869
    },
    "CHEMBL1096002": {
      "sdf": "ligands/CHEMBL1096002.sdf",
      "exp_dG_kcal_mol": -11.191304206848145,
      "fepplus_pred_dG_kcal_mol": -10.670000076293945,
      "fepplus_pred_err_kcal_mol": 0.09000000357627869
    },
    "CHEMBL1096002_1": {
      "sdf": "ligands/CHEMBL1096002_1.sdf",
      "exp_dG_kcal_mol": -11.191304206848145,
      "fepplus_pred_dG_kcal_mol": -10.670000076293945,
      "fepplus_pred_err_kcal_mol": 0.10000000149011612
    },
    "CHEMBL1096003": {
      "sdf": "ligands/CHEMBL1096003.sdf",
      "exp_dG_kcal_mol": -11.93795108795166,
      "fepplus_pred_dG_kcal_mol": -11.739999771118164,
      "fepplus_pred_err_kcal_mol": 0.09000000357627869
    },
    "CHEMBL1096003_1": {
      "sdf": "ligands/CHEMBL1096003_1.sdf",
      "exp_dG_kcal_mol": -11.93795108795166,
      "fepplus_pred_dG_kcal_mol": -11.739999771118164,
      "fepplus_pred_err_kcal_mol": 0.10000000149011612
    }
  }
}