{
  "openfe_subset": "merck",
  "openfe_system": "pfkfb3",
  "entry": "merck__pfkfb3",
  "boltz2_4target": false,
  "n_ligands": 87,
  "n_with_exp_dG": 85,
  "ligands": {
    "19": {
      "sdf": "ligands/19.sdf",
      "exp_dG_kcal_mol": -7.550787448883057,
      "fepplus_pred_dG_kcal_mol": -7.510000228881836,
      "fepplus_pred_err_kcal_mol": 0.07000000029802322
    },
    "19_flip": {
      "sdf": "ligands/19_flip.sdf",
      "exp_dG_kcal_mol": -7.550787448883057,
      "fepplus_pred_dG_kcal_mol": -7.510000228881836,
      "fepplus_pred_err_kcal_mol": 0.07000000029802322
    },
    "20": {
      "sdf": "ligands/20.sdf",
      "exp_dG_kcal_mol": -8.51645278930664,
      "fepplus_pred_dG_kcal_mol": -8.069999694824219,
      "fepplus_pred_err_kcal_mol": 0.07000000029802322
    },
    "20_flip": {
      "sdf": "ligands/20_flip.sdf",
      "exp_dG_kcal_mol": -8.51645278930664,
      "fepplus_pred_dG_kcal_mol": -8.069999694824219,
      "fepplus_pred_err_kcal_mol": 0.07000000029802322
    },
    "23": {
      "sdf": "ligands/23.sdf",
      "exp_dG_kcal_mol": -7.914463996887207,
      "fepplus_pred_dG_kcal_mol": -8.199999809265137,
      "fepplus_pred_err_kcal_mol": 0.07000000029802322
    },
    "23_flip_a": {
      "sdf": "ligands/23_flip_a.sdf",
      "exp_dG_kcal_mol": -7.914463996887207,
      "fepplus_pred_dG_kcal_mol": -8.199999809265137,
      "fepplus_pred_err_kcal_mol": 0.07000000029802322
    },
    "23_flip_b": {
      "sdf": "ligands/23_flip_b.sdf",
      "exp_dG_kcal_mol": -7.914463996887207,
      "fepplus_pred_dG_kcal_mol": -8.199999809265137,
      "fepplus_pred_err_kcal_mol": 0.07000000029802322
    },
    "23_flip_c": {
      "sdf": "ligands/23_flip_c.sdf",
      "exp_dG_kcal_mol": -7.914463996887207,
      "fepplus_pred_dG_kcal_mol": -8.199999809265137,
      "fepplus_pred_err_kcal_mol": 0.07000000029802322
    },
    "24": {
      "sdf": "ligands/24.sdf",
      "exp_dG_kcal_mol": -8.869909286499023,
      "fepplus_pred_dG_kcal_mol": -9.0600004196167,
      "fepplus_pred_err_kcal_mol": 0.07000000029802322
    },
    "24_flip_a": {
      "sdf": "ligands/24_flip_a.sdf",
      "exp_dG_kcal_mol": -8.869909286499023,
      "fepplus_pred_dG_kcal_mol": -9.0600004196167,
      "fepplus_pred_err_kcal_mol": 0.07000000029802322
    },
    "24_flip_b": {
      "sdf": "ligands/24_flip_b.sdf",
      "exp_dG_kcal_mol": -8.869909286499023,
      "fepplus_pred_dG_kcal_mol": -9.0600004196167,
      "fepplus_pred_err_kcal_mol": 0.07000000029802322
    },
    "24_flip_c": {
      "sdf": "ligands/24_flip_c.sdf",
      "exp_dG_kcal_mol": -8.869909286499023,
      "fepplus_pred_dG_kcal_mol": -9.0600004196167,
      "fepplus_pred_err_kcal_mol": 0.07000000029802322
    },
    "26": {
      "sdf": "ligands/26.sdf",
      "exp_dG_kcal_mol": -9.169439315795898,
      "fepplus_pred_dG_kcal_mol": -9.319999694824219,
      "fepplus_pred_err_kcal_mol": 0.07000000029802322
    },
    "26_flip": {
      "sdf": "ligands/26_flip.sdf",
      "exp_dG_kcal_mol": -9.169439315795898,
      "fepplus_pred_dG_kcal_mol": -9.319999694824219,
      "fepplus_pred_err_kcal_mol": 0.07000000029802322
    },
    "26_flip_b": {
      "sdf": "ligands/26_flip_b.sdf",
      "exp_dG_kcal_mol": -9.169439315795898,
      "fepplus_pred_dG_kcal_mol": -9.319999694824219,
      "fepplus_pred_err_kcal_mol": 0.07000000029802322
    },
    "26_flip_c": {
      "sdf": "ligands/26_flip_c.sdf",
      "exp_dG_kcal_mol": -9.169439315795898,
      "fepplus_pred_dG_kcal_mol": -9.319999694824219,
      "fepplus_pred_err_kcal_mol": 0.07000000029802322
    },
    "29": {
      "sdf": "ligands/29.sdf",
      "exp_dG_kcal_mol": -9.646018028259277,
      "fepplus_pred_dG_kcal_mol": -9.119999885559082,
      "fepplus_pred_err_kcal_mol": 0.07000000029802322
    },
    "29_flip": {
      "sdf": "ligands/29_flip.sdf",
      "exp_dG_kcal_mol": -9.646018028259277,
      "fepplus_pred_dG_kcal_mol": -9.119999885559082,
      "fepplus_pred_err_kcal_mol": 0.07000000029802322
    },
    "30": {
      "sdf": "ligands/30.sdf",
      "exp_dG_kcal_mol": -9.198190689086914,
      "fepplus_pred_dG_kcal_mol": -8.979999542236328,
      "fepplus_pred_err_kcal_mol": 0.07000000029802322
    },
    "30_flip_a": {
      "sdf": "ligands/30_flip_a.sdf",
      "exp_dG_kcal_mol": null
    },
    "30_flip_b": {
      "sdf": "ligands/30_flip_b.sdf",
      "exp_dG_kcal_mol": -9.198190689086914,
      "fepplus_pred_dG_kcal_mol": -8.979999542236328,
      "fepplus_pred_err_kcal_mol": 0.07000000029802322
    },
    "30_flip_c": {
      "sdf": "ligands/30_flip_c.sdf",
      "exp_dG_kcal_mol": null
    },
    "31": {
      "sdf": "ligands/31.sdf",
      "exp_dG_kcal_mol": -9.282472610473633,
      "fepplus_pred_dG_kcal_mol": -9.449999809265137,
      "fepplus_pred_err_kcal_mol": 0.07000000029802322
    },
    "31_flip_a": {
      "sdf": "ligands/31_flip_a.sdf",
      "exp_dG_kcal_mol": -9.282472610473633,
      "fepplus_pred_dG_kcal_mol": -9.449999809265137,
      "fepplus_pred_err_kcal_mol": 0.07000000029802322
    },
    "31_flip_b": {
      "sdf": "ligands/31_flip_b.sdf",
      "exp_dG_kcal_mol": -9.282472610473633,
      "fepplus_pred_dG_kcal_mol": -9.449999809265137,
      "fepplus_pred_err_kcal_mol": 0.07000000029802322
    },
    "31_flip_c": {
      "sdf": "ligands/31_flip_c.sdf",
      "exp_dG_kcal_mol": -9.282472610473633,
      "fepplus_pred_dG_kcal_mol": -9.449999809265137,
      "fepplus_pred_err_kcal_mol": 0.07000000029802322
    },
    "33": {
      "sdf": "ligands/33.sdf",
      "exp_dG_kcal_mol": -8.606922149658203,
      "fepplus_pred_dG_kcal_mol": -9.510000228881836,
      "fepplus_pred_err_kcal_mol": 0.07000000029802322
    },
    "33_flip_a": {
      "sdf": "ligands/33_flip_a.sdf",
      "exp_dG_kcal_mol": -8.606922149658203,
      "fepplus_pred_dG_kcal_mol": -9.510000228881836,
      "fepplus_pred_err_kcal_mol": 0.07000000029802322
    },
    "33_flip_b": {
      "sdf": "ligands/33_flip_b.sdf",
      "exp_dG_kcal_mol": -8.606922149658203,
      "fepplus_pred_dG_kcal_mol": -9.510000228881836,
      "fepplus_pred_err_kcal_mol": 0.07000000029802322
    },
    "33_flip_c": {
      "sdf": "ligands/33_flip_c.sdf",
      "exp_dG_kcal_mol": -8.606922149658203,
      "fepplus_pred_dG_kcal_mol": -9.510000228881836,
      "fepplus_pred_err_kcal_mol": 0.07000000029802322
    },
    "34": {
      "sdf": "ligands/34.sdf",
      "exp_dG_kcal_mol": -9.97237777709961,
      "fepplus_pred_dG_kcal_mol": -9.760000228881836,
      "fepplus_pred_err_kcal_mol": 0.07000000029802322
    },
    "34_flip": {
      "sdf": "ligands/34_flip.sdf",
      "exp_dG_kcal_mol": -9.97237777709961,
      "fepplus_pred_dG_kcal_mol": -9.760000228881836,
      "fepplus_pred_err_kcal_mol": 0.07000000029802322
    },
    "35": {
      "sdf": "ligands/35.sdf",
      "exp_dG_kcal_mol": -10.138808250427246,
      "fepplus_pred_dG_kcal_mol": -9.9399995803833,
      "fepplus_pred_err_kcal_mol": 0.07000000029802322
    },
    "35_flip": {
      "sdf": "ligands/35_flip.sdf",
      "exp_dG_kcal_mol": -10.138808250427246,
      "fepplus_pred_dG_kcal_mol": -9.9399995803833,
      "fepplus_pred_err_kcal_mol": 0.07000000029802322
    },
    "36": {
      "sdf": "ligands/36.sdf",
      "exp_dG_kcal_mol": -7.440536022186279,
      "fepplus_pred_dG_kcal_mol": -7.75,
      "fepplus_pred_err_kcal_mol": 0.07000000029802322
    },
    "36_flip": {
      "sdf": "ligands/36_flip.sdf",
      "exp_dG_kcal_mol": -7.440536022186279,
      "fepplus_pred_dG_kcal_mol": -7.75,
      "fepplus_pred_err_kcal_mol": 0.07000000029802322
    },
    "37": {
      "sdf": "ligands/37.sdf",
      "exp_dG_kcal_mol": -9.99706745147705,
      "fepplus_pred_dG_kcal_mol": -10.920000076293945,
      "fepplus_pred_err_kcal_mol": 0.07000000029802322
    },
    "37_flip": {
      "sdf": "ligands/37_flip.sdf",
      "exp_dG_kcal_mol": -9.99706745147705,
      "fepplus_pred_dG_kcal_mol": -10.920000076293945,
      "fepplus_pred_err_kcal_mol": 0.07000000029802322
    },
    "38": {
      "sdf": "ligands/38.sdf",