{
  "openfe_subset": "water",
  "openfe_system": "brd4",
  "entry": "water__brd4",
  "boltz2_4target": false,
  "n_ligands": 8,
  "n_with_exp_dG": 8,
  "ligands": {
    "cmpd_2_(methyl)": {
      "sdf": "ligands/cmpd_2_(methyl).sdf",
      "exp_dG_kcal_mol": -9.59000015258789,
      "fepplus_pred_dG_kcal_mol": -7.550000190734863,
      "fepplus_pred_err_kcal_mol": 0.1599999964237213
    },
    "cmpd_3_(Allyl)": {
      "sdf": "ligands/cmpd_3_(Allyl).sdf",
      "exp_dG_kcal_mol": -7.090000152587891,
      "fepplus_pred_dG_kcal_mol": -7.710000038146973,
      "fepplus_pred_err_kcal_mol": 0.17000000178813934
    },
    "cmpd_4_(Crotyl)": {
      "sdf": "ligands/cmpd_4_(Crotyl).sdf",
      "exp_dG_kcal_mol": -8.640000343322754,
      "fepplus_pred_dG_kcal_mol": -8.390000343322754,
      "fepplus_pred_err_kcal_mol": 0.17000000178813934
    },
    "cmpd_5_(1-Butenyl)": {
      "sdf": "ligands/cmpd_5_(1-Butenyl).sdf",
      "exp_dG_kcal_mol": -7.639999866485596,
      "fepplus_pred_dG_kcal_mol": -8.529999732971191,
      "fepplus_pred_err_kcal_mol": 0.18000000715255737
    },
    "cmpd_6_(ethyl)": {
      "sdf": "ligands/cmpd_6_(ethyl).sdf",
      "exp_dG_kcal_mol": -8.59000015258789,
      "fepplus_pred_dG_kcal_mol": -7.849999904632568,
      "fepplus_pred_err_kcal_mol": 0.18000000715255737
    },
    "cmpd_7_(n-propyl)": {
      "sdf": "ligands/cmpd_7_(n-propyl).sdf",
      "exp_dG_kcal_mol": -7.019999980926514,
      "fepplus_pred_dG_kcal_mol": -7.909999847412109,
      "fepplus_pred_err_kcal_mol": 0.17000000178813934
    },
    "cmpd_8_(n-Butyl)": {
      "sdf": "ligands/cmpd_8_(n-Butyl).sdf",
      "exp_dG_kcal_mol": -7.659999847412109,
      "fepplus_pred_dG_kcal_mol": -8.59000015258789,
      "fepplus_pred_err_kcal_mol": 0.1599999964237213
    },
    "cmpd_9_(methoxyethyl)": {
      "sdf": "ligands/cmpd_9_(methoxyethyl).sdf",
      "exp_dG_kcal_mol": -7.21999979019165,
      "fepplus_pred_dG_kcal_mol": -6.929999828338623,
      "fepplus_pred_err_kcal_mol": 0.1599999964237213
    }
  }
}