{
  "openfe_subset": "charge_annihilation",
  "openfe_system": "thrombin",
  "entry": "charge_annihilation__thrombin",
  "boltz2_4target": false,
  "n_ligands": 6,
  "n_with_exp_dG": 6,
  "ligands": {
    "1": {
      "sdf": "ligands/1.sdf",
      "exp_dG_kcal_mol": -6.800000190734863,
      "fepplus_pred_dG_kcal_mol": -6.46999979019165,
      "fepplus_pred_err_kcal_mol": 0.33000001311302185
    },
    "10": {
      "sdf": "ligands/10.sdf",
      "exp_dG_kcal_mol": -7.670000076293945,
      "fepplus_pred_dG_kcal_mol": -6.480000019073486,
      "fepplus_pred_err_kcal_mol": 0.3799999952316284
    },
    "11": {
      "sdf": "ligands/11.sdf",
      "exp_dG_kcal_mol": -5.840000152587891,
      "fepplus_pred_dG_kcal_mol": -5.260000228881836,
      "fepplus_pred_err_kcal_mol": 0.3700000047683716
    },
    "2": {
      "sdf": "ligands/2.sdf",
      "exp_dG_kcal_mol": -6.139999866485596,
      "fepplus_pred_dG_kcal_mol": -6.449999809265137,
      "fepplus_pred_err_kcal_mol": 0.3799999952316284
    },
    "3": {
      "sdf": "ligands/3.sdf",
      "exp_dG_kcal_mol": -5.659999847412109,
      "fepplus_pred_dG_kcal_mol": -5.630000114440918,
      "fepplus_pred_err_kcal_mol": 0.36000001430511475
    },
    "jmb2009-4": {
      "sdf": "ligands/jmb2009-4.sdf",
      "exp_dG_kcal_mol": -11.529999732971191,
      "fepplus_pred_dG_kcal_mol": -13.350000381469727,
      "fepplus_pred_err_kcal_mol": 0.33000001311302185
    }
  }
}