{
  "openfe_subset": "merck",
  "openfe_system": "shp2",
  "entry": "merck__shp2",
  "boltz2_4target": false,
  "n_ligands": 26,
  "n_with_exp_dG": 26,
  "ligands": {
    "10": {
      "sdf": "ligands/10.sdf",
      "exp_dG_kcal_mol": -7.1542816162109375,
      "fepplus_pred_dG_kcal_mol": -7.670000076293945,
      "fepplus_pred_err_kcal_mol": 0.10000000149011612
    },
    "11": {
      "sdf": "ligands/11.sdf",
      "exp_dG_kcal_mol": -6.354085445404053,
      "fepplus_pred_dG_kcal_mol": -7.550000190734863,
      "fepplus_pred_err_kcal_mol": 0.10000000149011612
    },
    "3": {
      "sdf": "ligands/3.sdf",
      "exp_dG_kcal_mol": -5.462942123413086,
      "fepplus_pred_dG_kcal_mol": -5.809999942779541,
      "fepplus_pred_err_kcal_mol": 0.10000000149011612
    },
    "4": {
      "sdf": "ligands/4.sdf",
      "exp_dG_kcal_mol": -5.822068691253662,
      "fepplus_pred_dG_kcal_mol": -6.400000095367432,
      "fepplus_pred_err_kcal_mol": 0.10999999940395355
    },
    "6": {
      "sdf": "ligands/6.sdf",
      "exp_dG_kcal_mol": -8.030035018920898,
      "fepplus_pred_dG_kcal_mol": -8.84000015258789,
      "fepplus_pred_err_kcal_mol": 0.10999999940395355
    },
    "7": {
      "sdf": "ligands/7.sdf",
      "exp_dG_kcal_mol": -7.076467037200928,
      "fepplus_pred_dG_kcal_mol": -8.289999961853027,
      "fepplus_pred_err_kcal_mol": 0.10999999940395355
    },
    "Example_1": {
      "sdf": "ligands/Example_1.sdf",
      "exp_dG_kcal_mol": -8.988177299499512,
      "fepplus_pred_dG_kcal_mol": -8.819999694824219,
      "fepplus_pred_err_kcal_mol": 0.10999999940395355
    },
    "Example_14": {
      "sdf": "ligands/Example_14.sdf",
      "exp_dG_kcal_mol": -9.778227806091309,
      "fepplus_pred_dG_kcal_mol": -11.289999961853027,
      "fepplus_pred_err_kcal_mol": 0.10000000149011612
    },
    "Example_2": {
      "sdf": "ligands/Example_2.sdf",
      "exp_dG_kcal_mol": -8.27622127532959,
      "fepplus_pred_dG_kcal_mol": -7.510000228881836,
      "fepplus_pred_err_kcal_mol": 0.10999999940395355
    },
    "Example_22": {
      "sdf": "ligands/Example_22.sdf",
      "exp_dG_kcal_mol": -9.238834381103516,
      "fepplus_pred_dG_kcal_mol": -8.770000457763672,
      "fepplus_pred_err_kcal_mol": 0.10000000149011612
    },
    "Example_23": {
      "sdf": "ligands/Example_23.sdf",
      "exp_dG_kcal_mol": -8.740339279174805,
      "fepplus_pred_dG_kcal_mol": -8.6899995803833,
      "fepplus_pred_err_kcal_mol": 0.10000000149011612
    },
    "Example_24": {
      "sdf": "ligands/Example_24.sdf",
      "exp_dG_kcal_mol": -9.077217102050781,
      "fepplus_pred_dG_kcal_mol": -9.140000343322754,
      "fepplus_pred_err_kcal_mol": 0.10000000149011612
    },
    "Example_25": {
      "sdf": "ligands/Example_25.sdf",
      "exp_dG_kcal_mol": -8.869909286499023,
      "fepplus_pred_dG_kcal_mol": -7.119999885559082,
      "fepplus_pred_err_kcal_mol": 0.10000000149011612
    },
    "Example_26": {
      "sdf": "ligands/Example_26.sdf",
      "exp_dG_kcal_mol": -8.959051132202148,
      "fepplus_pred_dG_kcal_mol": -8.550000190734863,
      "fepplus_pred_err_kcal_mol": 0.10000000149011612
    },
    "Example_27": {
      "sdf": "ligands/Example_27.sdf",
      "exp_dG_kcal_mol": -8.51852798461914,
      "fepplus_pred_dG_kcal_mol": -9.520000457763672,
      "fepplus_pred_err_kcal_mol": 0.10000000149011612
    },
    "Example_28": {
      "sdf": "ligands/Example_28.sdf",
      "exp_dG_kcal_mol": -8.457352638244629,
      "fepplus_pred_dG_kcal_mol": -7.349999904632568,
      "fepplus_pred_err_kcal_mol": 0.10000000149011612
    },
    "Example_29": {
      "sdf": "ligands/Example_29.sdf",
      "exp_dG_kcal_mol": -7.622783184051514,
      "fepplus_pred_dG_kcal_mol": -5.619999885559082,
      "fepplus_pred_err_kcal_mol": 0.10000000149011612
    },
    "Example_3": {
      "sdf": "ligands/Example_3.sdf",
      "exp_dG_kcal_mol": -8.215871810913086,
      "fepplus_pred_dG_kcal_mol": -7.079999923706055,
      "fepplus_pred_err_kcal_mol": 0.10000000149011612
    },
    "Example_30": {
      "sdf": "ligands/Example_30.sdf",
      "exp_dG_kcal_mol": -9.157095909118652,
      "fepplus_pred_dG_kcal_mol": -9.0600004196167,
      "fepplus_pred_err_kcal_mol": 0.14000000059604645
    },
    "Example_4": {
      "sdf": "ligands/Example_4.sdf",
      "exp_dG_kcal_mol": -8.201089859008789,
      "fepplus_pred_dG_kcal_mol": -6.670000076293945,
      "fepplus_pred_err_kcal_mol": 0.10000000149011612
    },
    "Example_5": {
      "sdf": "ligands/Example_5.sdf",
      "exp_dG_kcal_mol": -7.5630927085876465,
      "fepplus_pred_dG_kcal_mol": -5.090000152587891,
      "fepplus_pred_err_kcal_mol": 0.10000000149011612
    },
    "Example_6": {
      "sdf": "ligands/Example_6.sdf",
      "exp_dG_kcal_mol": -9.06926441192627,
      "fepplus_pred_dG_kcal_mol": -10.5600004196167,
      "fepplus_pred_err_kcal_mol": 0.10000000149011612
    },
    "Example_8": {
      "sdf": "ligands/Example_8.sdf",
      "exp_dG_kcal_mol": -9.71232795715332,
      "fepplus_pred_dG_kcal_mol": -10.489999771118164,
      "fepplus_pred_err_kcal_mol": 0.10999999940395355
    },
    "Example_9": {
      "sdf": "ligands/Example_9.sdf",
      "exp_dG_kcal_mol": -8.794095039367676,
      "fepplus_pred_dG_kcal_mol": -10.069999694824219,
      "fepplus_pred_err_kcal_mol": 0.10000000149011612
    },
    "SHP099-1_Example_7": {
      "sdf": "ligands/SHP099-1_Example_7.sdf",
      "exp_dG_kcal_mol": -9.75264835357666,
      "fepplus_pred_dG_kcal_mol": -9.970000267028809,
      "fepplus_pred_err_kcal_mol": 0.10000000149011612
    },
    "SHP836-2": {
      "sdf": "ligands/SHP836-2.sdf",
      "exp_dG_kcal_mol": -6.713211536407471,
      "fepplus_pred_dG_kcal_mol": -7.690000057220459,
      "fepplus_pred_err_kcal_mol": 0.11999999731779099
    }
  }
}