{
  "openfe_subset": "janssen",
  "openfe_system": "ciordia_retro",
  "entry": "janssen__ciordia_retro",
  "boltz2_4target": false,
  "n_ligands": 33,
  "n_with_exp_dG": 33,
  "ligands": {
    "11": {
      "sdf": "ligands/11.sdf",
      "exp_dG_kcal_mol": -8.703369140625,
      "fepplus_pred_dG_kcal_mol": -9.130000114440918,
      "fepplus_pred_err_kcal_mol": 0.07999999821186066
    },
    "12": {
      "sdf": "ligands/12.sdf",
      "exp_dG_kcal_mol": -10.45694637298584,
      "fepplus_pred_dG_kcal_mol": -9.640000343322754,
      "fepplus_pred_err_kcal_mol": 0.07999999821186066
    },
    "13": {
      "sdf": "ligands/13.sdf",
      "exp_dG_kcal_mol": -9.64326286315918,
      "fepplus_pred_dG_kcal_mol": -9.619999885559082,
      "fepplus_pred_err_kcal_mol": 0.07999999821186066
    },
    "14": {
      "sdf": "ligands/14.sdf",
      "exp_dG_kcal_mol": -9.8362398147583,
      "fepplus_pred_dG_kcal_mol": -9.130000114440918,
      "fepplus_pred_err_kcal_mol": 0.07999999821186066
    },
    "15": {
      "sdf": "ligands/15.sdf",
      "exp_dG_kcal_mol": -7.9174394607543945,
      "fepplus_pred_dG_kcal_mol": -9.109999656677246,
      "fepplus_pred_err_kcal_mol": 0.07999999821186066
    },
    "16": {
      "sdf": "ligands/16.sdf",
      "exp_dG_kcal_mol": -7.057740211486816,
      "fepplus_pred_dG_kcal_mol": -9.119999885559082,
      "fepplus_pred_err_kcal_mol": 0.07999999821186066
    },
    "17": {
      "sdf": "ligands/17.sdf",
      "exp_dG_kcal_mol": -10.365072250366211,
      "fepplus_pred_dG_kcal_mol": -10.460000038146973,
      "fepplus_pred_err_kcal_mol": 0.07999999821186066
    },
    "18": {
      "sdf": "ligands/18.sdf",
      "exp_dG_kcal_mol": -9.900985717773438,
      "fepplus_pred_dG_kcal_mol": -8.970000267028809,
      "fepplus_pred_err_kcal_mol": 0.07999999821186066
    },
    "19": {
      "sdf": "ligands/19.sdf",
      "exp_dG_kcal_mol": -9.910837173461914,
      "fepplus_pred_dG_kcal_mol": -9.039999961853027,
      "fepplus_pred_err_kcal_mol": 0.07999999821186066
    },
    "1a": {
      "sdf": "ligands/1a.sdf",
      "exp_dG_kcal_mol": -6.084681987762451,
      "fepplus_pred_dG_kcal_mol": -6.610000133514404,
      "fepplus_pred_err_kcal_mol": 0.07999999821186066
    },
    "20": {
      "sdf": "ligands/20.sdf",
      "exp_dG_kcal_mol": -10.167583465576172,
      "fepplus_pred_dG_kcal_mol": -10.039999961853027,
      "fepplus_pred_err_kcal_mol": 0.07999999821186066
    },
    "21": {
      "sdf": "ligands/21.sdf",
      "exp_dG_kcal_mol": -10.215289115905762,
      "fepplus_pred_dG_kcal_mol": -9.649999618530273,
      "fepplus_pred_err_kcal_mol": 0.07999999821186066
    },
    "22": {
      "sdf": "ligands/22.sdf",
      "exp_dG_kcal_mol": -7.606921672821045,
      "fepplus_pred_dG_kcal_mol": -8.829999923706055,
      "fepplus_pred_err_kcal_mol": 0.07999999821186066
    },
    "23": {
      "sdf": "ligands/23.sdf",
      "exp_dG_kcal_mol": -9.818963050842285,
      "fepplus_pred_dG_kcal_mol": -9.0600004196167,
      "fepplus_pred_err_kcal_mol": 0.07999999821186066
    },
    "24": {
      "sdf": "ligands/24.sdf",
      "exp_dG_kcal_mol": -9.785843849182129,
      "fepplus_pred_dG_kcal_mol": -8.850000381469727,
      "fepplus_pred_err_kcal_mol": 0.07999999821186066
    },
    "25": {
      "sdf": "ligands/25.sdf",
      "exp_dG_kcal_mol": -8.870043754577637,
      "fepplus_pred_dG_kcal_mol": -9.25,
      "fepplus_pred_err_kcal_mol": 0.07999999821186066
    },
    "26": {
      "sdf": "ligands/26.sdf",
      "exp_dG_kcal_mol": -10.365072250366211,
      "fepplus_pred_dG_kcal_mol": -9.319999694824219,
      "fepplus_pred_err_kcal_mol": 0.07999999821186066
    },
    "27": {
      "sdf": "ligands/27.sdf",
      "exp_dG_kcal_mol": -9.612375259399414,
      "fepplus_pred_dG_kcal_mol": -9.460000038146973,
      "fepplus_pred_err_kcal_mol": 0.07999999821186066
    },
    "28": {
      "sdf": "ligands/28.sdf",
      "exp_dG_kcal_mol": -8.997004508972168,
      "fepplus_pred_dG_kcal_mol": -9.0600004196167,
      "fepplus_pred_err_kcal_mol": 0.07999999821186066
    },
    "29": {
      "sdf": "ligands/29.sdf",
      "exp_dG_kcal_mol": -8.735666275024414,
      "fepplus_pred_dG_kcal_mol": -8.069999694824219,
      "fepplus_pred_err_kcal_mol": 0.07999999821186066
    },
    "30": {
      "sdf": "ligands/30.sdf",
      "exp_dG_kcal_mol": -6.947381496429443,
      "fepplus_pred_dG_kcal_mol": -8.100000381469727,
      "fepplus_pred_err_kcal_mol": 0.07999999821186066
    },
    "30_protonated": {
      "sdf": "ligands/30_protonated.sdf",
      "exp_dG_kcal_mol": -6.947381496429443,
      "fepplus_pred_dG_kcal_mol": -8.100000381469727,
      "fepplus_pred_err_kcal_mol": 0.11999999731779099
    },
    "31": {
      "sdf": "ligands/31.sdf",
      "exp_dG_kcal_mol": -9.533543586730957,
      "fepplus_pred_dG_kcal_mol": -9.170000076293945,
      "fepplus_pred_err_kcal_mol": 0.07999999821186066
    },
    "32": {
      "sdf": "ligands/32.sdf",
      "exp_dG_kcal_mol": -7.721524715423584,
      "fepplus_pred_dG_kcal_mol": -8.40999984741211,
      "fepplus_pred_err_kcal_mol": 0.07999999821186066
    },
    "33": {
      "sdf": "ligands/33.sdf",
      "exp_dG_kcal_mol": -7.13992166519165,
      "fepplus_pred_dG_kcal_mol": -8.75,
      "fepplus_pred_err_kcal_mol": 0.07999999821186066
    },
    "34": {
      "sdf": "ligands/34.sdf",
      "exp_dG_kcal_mol": -10.24935531616211,
      "fepplus_pred_dG_kcal_mol": -9.59000015258789,
      "fepplus_pred_err_kcal_mol": 0.07999999821186066
    },
    "35": {
      "sdf": "ligands/35.sdf",
      "exp_dG_kcal_mol": -9.881757736206055,
      "fepplus_pred_dG_kcal_mol": -9.069999694824219,
      "fepplus_pred_err_kcal_mol": 0.07999999821186066
    },
    "36": {
      "sdf": "ligands/36.sdf",
      "exp_dG_kcal_mol": -10.97872543334961,
      "fepplus_pred_dG_kcal_mol": -10.949999809265137,
      "fepplus_pred_err_kcal_mol": 0.07999999821186066
    },
    "37": {
      "sdf": "ligands/37.sdf",
      "exp_dG_kcal_mol": -9.450016021728516,
      "fepplus_pred_dG_kcal_mol": -9.100000381469727,
      "fepplus_pred_err_kcal_mol": 0.07999999821186066
    },
    "38": {
      "sdf": "ligands/38.sdf",
      "exp_dG_kcal_mol": -9.384933471679688,
      "fepplus_pred_dG_kcal_mol": -9.220000267028809,
      "fepplus_pred_err_kcal_mol": 0.07999999821186066
    },
    "39": {
      "sdf": "ligands/39.sdf",
      "exp_dG_kcal_mol": -9.360767364501953,
      "fepplus_pred_dG_kcal_mol": -8.529999732971191,
      "fepplus_pred_err_kcal_mol": 0.07999999821186066
    },
    "40": {
      "sdf": "ligands/40.sdf",
      "exp_dG_kcal_mol": -8.64596939086914,
      "fepplus_pred_dG_kcal_mol": -8.800000190734863,
      "fepplus_pred_err_kcal_mol": 0.07999999821186066
    },
    "41": {
      "sdf": "ligands/41.sdf",
      "exp_dG_kcal_mol": -9.109971046447754,
      "fepplus_pred_dG_kcal_mol": -9.1899995803833,
      "fepplus_pred_err_kcal_mol": 0.07999999821186066
    }
  }
}